<?xml version="1.0" encoding="UTF-8"?>
<project-private xmlns="http://www.netbeans.org/ns/project-private/1">
    <editor-bookmarks xmlns="http://www.netbeans.org/ns/editor-bookmarks/2" lastBookmarkId="0"/>
    <open-files xmlns="http://www.netbeans.org/ns/projectui-open-files/2">
        <group>
            <file>file:/C:/Users/fikri/OneDrive/Documents/NetBeansProjects/PenjualanRumah/src/aplikasi/LoginForm.java</file>
            <file>file:/C:/Users/fikri/OneDrive/Documents/NetBeansProjects/PenjualanRumah/src/aplikasi/DataForm.java</file>
            <file>file:/C:/Users/fikri/OneDrive/Documents/NetBeansProjects/PenjualanRumah/src/aplikasi/MainFrame.java</file>
            <file>file:/C:/Users/fikri/OneDrive/Documents/NetBeansProjects/PenjualanRumah/src/aplikasi/OptionMenu.java</file>
            <file>file:/C:/Users/fikri/OneDrive/Documents/NetBeansProjects/PenjualanRumah/src/aplikasi/ConnectionDb.java</file>
            <file>file:/C:/Users/fikri/OneDrive/Documents/NetBeansProjects/PenjualanRumah/src/aplikasi/PaymentForm.java</file>
        </group>
    </open-files>
</project-private>
